w,time_exponent,bo1_0,bz1_0,bz2_0,bo1_1,bz1_1,bz2_1,bt_1,thm_1,tm1_1,tm0_1,om1_1,om2_1,th_1,t1_1,o1_0,o2_0,z1_0,z2_0,z3_0,t1_0,t0_0,t0_1,o1_1,o2_1,z1_1,z2_1,z3_1,g1,g2,b1,b2,lmd
0.04,0.1874,8.991963952569478e-06,0.003243947802847,7.721132738973053e-07,1.639193431900466e-07,0.0008293439529182,1.945447683051156e-15,2.695487870737179e-07,2.3252908083217522e-07,9.775968172812082e-06,7.566869516554775e-05,0.0001234212581167,8.713390575598444e-06,3.350318780309466e-05,4.002902520082201e-05,0.0010661840705307,0.0003031141953586,3.236095289068599e-05,1.2723544715359878e-05,2.5442672050164395e-06,1.312883344928581e-05,3.3616320306235926e-05,0.0002695668071942,0.0002354021725504,1.8246873906369417e-05,0.0004976221324494,7.920233638933515e-05,2.718411663213404e-06,0.0069639112649451,0.9930360887343032,1.0,1.0,0.0
0.06,0.2491,2.6450035924106178e-05,0.0060963252904718,2.818508108258613e-06,6.440389308875934e-07,0.0015775492077772,2.315196238669308e-12,1.0064406629170876e-06,6.882516599199059e-08,2.282711637419656e-06,2.097487110865473e-05,3.530231825360132e-05,1.941689021570334e-06,8.568099333976713e-06,1.0250246344794964e-05,0.0003248222857354,8.390453145969533e-05,1.5834012293422032e-05,5.587164735336496e-06,9.559146915123203e-07,5.789147316834572e-06,1.6413135104393297e-05,8.300833255907635e-05,7.115068503588692e-05,4.35476951054253e-06,0.0001618066834863,2.1599365256410683e-05,5.971325345203904e-07,0.0022212990024095,0.997778692593395,0.9999999970771162,0.9999999964014908,1.2608554480993591e-09
0.08,0.3018,4.9312823367412416e-05,0.0083205472019504,5.759834368555557e-06,1.0112429699041226e-06,0.0021821826446994,1.97275278146962e-11,1.6884324915309925e-06,9.903610156388719e-12,1.0105167887457507e-11,5.237562276058264e-11,2.6450298662990897e-11,5.024404734378375e-12,2.9942132658047476e-11,2.7788070266892564e-11,1.2251425177497608e-10,1.4804492467072644e-10,9.231739822934744e-11,2.184688985898172e-12,0.0,4.16347982993736e-12,9.392067342229674e-11,5.1410959523935287e-11,3.699183406236751e-11,3.6281604116393073e-11,6.435881858099946e-11,9.821348158861278e-12,3.28591873614404e-12,1.4635594953028939e-09,0.9999999910558728,0.8112393052377296,0.9999999998510908,7.436694115115633e-09
0.1,0.348,8.90584993007594e-05,0.0116975249355706,1.1171670247430795e-05,2.01258612153925e-06,0.0031109105969099,0.0,3.062106322292e-06,0.0,0.0,0.0,0.0,0.0,0.0,0.0,0.0,0.0,0.0,0.0,0.0,0.0,0.0,0.0,0.0,0.0,0.0,0.0,0.0,0.0,1.0,1.0,1.0,0.0266529709322043
0.12,0.3878,0.0001706023751645,0.0176230925003751,2.7687786096239448e-05,5.53788158983217e-06,0.0047796981216393,3.096772523090902e-09,7.974306424316236e-06,0.0,0.0,0.0,0.0,0.0,0.0,0.0,0.0,0.0,9.628556120716294e-11,0.0,0.0,0.0,9.663728110163218e-11,0.0,0.0,0.0,0.0,0.0,0.0,0.0,0.9999999977877548,1.0,1.0,0.078493800814604
0.14,0.4225,0.0002277992383473,0.0200037773494533,3.512635442642614e-05,7.269465490766681e-06,0.0057830365859906,4.242408872087176e-08,9.750761245418608e-06,4.034166423889871e-10,2.014277717954185e-09,8.049752839750393e-09,1.2393049129158725e-08,1.632093054150357e-09,5.874939789448321e-09,4.9090877344794e-09,1.0066681354470438e-07,3.1417072638444644e-08,1.0947604835587488e-08,4.270092616841621e-09,4.746843208271342e-09,5.1183562753918526e-09,1.644767197341639e-08,2.9756133992874363e-08,2.136993553176073e-08,2.4632060711918683e-09,5.1258794589196194e-08,7.878031479170766e-09,7.46677647050817e-10,7.347127970184142e-07,0.999998472923304,0.9999990878340408,0.9999998178740788,0.0833530536037269
0.16,0.4544,0.0002793469761788,0.0210934488203285,3.889614891937792e-05,6.43065101032844e-06,0.0060645304946642,2.841599303404908e-09,9.05679492110702e-06,2.4764898092708177e-13,0.0,0.0,0.0,0.0,0.0,0.0,0.0,0.0,0.0,0.0,0.0,0.0,0.0,0.0,0.0,0.0,0.0,0.0,1.3828170016526718e-13,4.0836178484058406e-10,0.999999994805098,0.9994024389686368,1.0,0.0720556318118443
0.18,0.4841,0.0003331478594001,0.0219959713057528,4.30718031659459e-05,5.255100187831187e-06,0.0063005191632438,0.0,7.66935921839855e-06,0.0,0.0,0.0,0.0,0.0,0.0,0.0,0.0,0.0,0.0,0.0,0.0,0.0,0.0,0.0,0.0,0.0,0.0,0.0,0.0,0.0,1.0,1.0,1.0,0.0628264633460189
0.2,0.5119,0.0003913612690145,0.0227303032073351,4.6982760410390726e-05,4.22651025092349e-06,0.0064963854115644,0.0,6.372107703235712e-06,0.0,0.0,0.0,0.0,0.0,0.0,0.0,0.0,0.0,0.0,0.0,0.0,0.0,0.0,0.0,0.0,0.0,0.0,0.0,0.0,0.0,1.0,0.995205449387908,1.0,0.0552309442377837
0.22,0.5381,0.0004524360824903,0.0233170431028935,5.11825906873027e-05,3.1343000970916744e-06,0.0066591201875772,0.0,4.674747039858711e-06,9.889931811607176e-12,0.0,0.0,0.0,0.0,0.0,0.0,0.0,0.0,2.8743996214481628e-11,0.0,1.724575808779898e-11,0.0,0.0,1.0556005664708176e-11,0.0,0.0,0.0,0.0,0.0,0.0,1.0,1.0,1.0,0.0489641566581513
0.24,0.5629,0.0005182887432921,0.0237695964220652,5.408753993381599e-05,2.1899499195821174e-06,0.0067906018811128,0.0,3.557843224542922e-06,0.0,4.323168697369722e-14,2.539108949611564e-15,0.0,0.0,0.0,1.2558832650989132e-14,0.0,0.0,0.0,0.0,0.0,0.0,0.0,0.0,0.0,0.0,0.0,0.0,0.0,5.930100849136702e-10,0.9999999991827176,0.9999159045201788,1.0,0.0438041849624497
0.26,0.5864,0.000588243886014,0.0240926211440431,5.9008252711759466e-05,1.4096811557916122e-06,0.006896632864324,1.6458040119833365e-12,2.348257141279092e-06,3.1688836828278474e-10,1.1259723419472645e-12,2.1438558755922506e-12,7.017824063468563e-13,0.0,1.6653460205869172e-12,3.1675232307542827e-10,5.197412316268447e-12,5.869477912090525e-12,1.824813048555146e-12,1.1449432137707405e-12,6.35987065285209e-10,1.412417880779736e-13,6.366547041522762e-10,9.477124124598652e-13,0.0,1.1650824081439412e-12,1.870669938058649e-12,4.044510075240855e-09,1.937578438414597e-12,1.7512661898918292e-08,0.9999999732050217,0.9995826254182836,0.9999999999278892,0.0395883869161328
0.28,0.6088,0.0006591146107363,0.0243206470299188,6.042607848736383e-05,8.506523763400122e-07,0.0069755568261067,9.17601277109109e-11,1.5412471225930313e-06,1.0049783968629684e-10,1.9354436277618607e-10,6.376059373690958e-10,8.121232035290905e-10,1.4642136000551839e-10,5.0650931399261e-10,3.063073528525695e-10,1.907426223552722e-09,1.723218228650474e-09,4.97389332871126e-10,4.1064240401485136e-10,1.79242285387286e-10,3.846507874450669e-10,6.314673899801633e-10,6.954214499731892e-10,4.1535170713870304e-10,7.983379940267901e-10,5.781071462101531e-10,6.595302584780295e-10,5.095244857784934e-10,1.9543377725116642e-08,0.9999998658656462,0.999877781907265,0.9999999852459114,0.0361964245256916
0.29,0.6197,0.0006951756815824,0.0243926705459904,6.271326688959993e-05,3.812126528496238e-07,0.0070095846643346,0.0,6.731205316105176e-07,0.0,0.0,0.0,0.0,0.0,0.0,0.0,0.0,0.0,0.0,0.0,0.0,0.0,0.0,0.0,0.0,0.0,0.0,0.0,0.0,0.0,1.0,0.9999614796073344,1.0,0.0347763220158912
0.3,0.6303,0.0007351015649596,0.024434376079061,6.397680111353459e-05,3.615290130286961e-07,0.0070351222069315,1.1900307066076983e-09,6.52940027763694e-07,2.4494514236003224e-10,6.06549156402283e-10,2.496014935331178e-09,2.223042576620113e-09,5.448814416333444e-10,2.029411723490022e-09,6.921844955147734e-10,9.51348431787354e-09,3.5636585068081303e-09,0.0,4.665460562857414e-09,8.20893887197066e-10,4.6825627484668894e-09,1.7144848795957991e-09,2.210071857493762e-09,3.766880255695528e-10,7.077232660742075e-10,5.502937717208369e-09,4.1500766251337724e-10,1.3576961026078908e-09,9.155394621883405e-08,0.9999995150399126,0.9972857836909876,0.9999999034679252,0.0335296706886265
0.32,0.6508,0.0008219608733841,0.024433308176528,6.671993100874382e-05,1.755323841835025e-07,0.0070758215326212,2.6155588546114435e-10,4.358647782243076e-07,0.0,8.850450406371754e-11,6.79401816445829e-08,1.6825756577508582e-10,1.3089783215593838e-10,1.7060645136041411e-10,1.4362892836608814e-10,1.286429930476383e-09,1.100886144430678e-07,3.3109623942864156e-10,2.621493540856621e-08,1.3239564705550372e-10,1.4712718738641758e-10,2.6470249112247484e-08,2.6492313240883723e-08,3.850086631227871e-10,1.1439505767328264e-10,1.3562335249914342e-08,1.9073631156463201e-10,8.822420537949552e-11,3.34836295250492e-07,0.9999996154711353,0.9999999577424395,0.999999991475594,0.0315209015669507
0.34,0.6705,0.0008956151069526,0.0243913240927688,6.871369339923426e-05,6.965233961649998e-08,0.0070925113478124,2.7360627553224048e-11,1.624854977427453e-07,1.7460934064147074e-11,1.0832875950425705e-11,3.6887335688768146e-11,2.0359406851387723e-10,1.39424754776079e-11,6.051681212807698e-13,2.0113012332332325e-11,5.198518713939816e-10,1.0724412410994148e-10,1.1029364992093888e-10,5.6878728730945125e-11,4.0419326464368526e-11,5.592856273079951e-11,1.2551951676732288e-10,6.439018345929455e-11,6.187784886676828e-11,1.5568875898320867e-11,1.7195213042689526e-10,3.3157666148688916e-11,1.977102856034556e-11,2.9072370818541942e-09,0.9999999887557808,0.9826237566037546,0.99999999893344,0.0301106293757911
0.36,0.6895,0.0009785806618438,0.0242465878682858,7.144806197555716e-05,2.8365693357041304e-10,0.0070957540356203,2.012655927723505e-10,4.153330580187296e-08,2.240218710682608e-11,7.294374847307537e-11,2.525103554589827e-10,2.8127170702539376e-10,7.137560719823989e-11,5.280705221572776e-10,2.9987932380619727e-10,3.037462399461966e-09,6.914971797838207e-10,1.1593932107088294e-09,5.2412700924769e-10,1.9451848134556487e-10,1.0184635797781986e-09,9.96461838221524e-10,1.074576607259491e-09,5.522680615324004e-10,6.487687076873719e-11,1.3611023539935255e-09,1.3195095571134548e-10,7.627925179593549e-11,2.9790961692135026e-08,0.9999999541289964,0.9986481551761948,0.999999998876958,0.0292552883916499
0.38,0.7077,0.001066080705836,0.0240217577345062,7.344238796015282e-05,4.2533906494603057e-13,0.0070846924322691,4.593906369413123e-13,5.361818857261472e-13,0.0,0.0,4.901031498783536e-11,0.0,0.0,0.0,0.0,0.0,0.0,0.0,9.771361888117832e-11,0.0,0.0,0.0,4.444258998969422e-11,0.0,0.0,0.0,0.0,0.0,2.0891166059955967e-10,0.9999999991999864,0.9915778495357066,1.0,0.0289234246347108
0.4,0.7254,0.0011529353535211,0.0237359057218072,7.45153300637642e-05,1.0371222693457872e-10,0.0070585387005927,2.5267556770616893e-10,1.2292734806090635e-10,0.0,0.0,1.0806050815726919e-12,0.0,1.3532140442568174e-11,1.0364844354677038e-11,0.0,0.0,0.0,0.0,0.0,0.0,0.0,0.0,0.0,0.0,2.930697174795229e-11,0.0,0.0,7.862773365263291e-13,0.0,1.0,0.9997363298700404,0.9999999994711148,0.0290872495808971
0.42,0.7424,0.0012456686293715,0.0233694451898294,7.658982507838895e-05,1.138608161313476e-11,0.0070222615964702,0.0,9.495564263917628e-12,0.0,0.0,0.0,0.0,3.2486885041895703e-14,0.0,0.0,1.0460633031879349e-07,0.0,0.0,6.542707217785598e-13,0.0,0.0,0.0,0.0,1.265058768531817e-12,1.4698527804364693e-12,0.0,5.2988255517960676e-14,0.0,3.607481378698345e-07,0.9999996392682624,0.9997453553003488,0.99999999999427,0.0297309702419497
0.44,0.7589,0.001332560855417,0.0229657586611881,7.728473576990564e-05,4.428101733522791e-12,0.0069708071951876,0.0,2.799934677857251e-12,0.0,8.782791717712367e-13,6.223093014191887e-13,0.0,0.0,0.0,5.861526919111432e-13,0.0,0.0,0.0,0.0,0.0,0.0,0.0,1.4744029344730116e-14,1.7721900503398556e-13,2.3359846493312722e-14,0.0,0.0,0.0,1.7259686460604983e-10,0.9999999403520922,0.976128339218971,1.0,0.0308411682083826
0.46,0.7749,0.00143765503981,0.0224461078651077,8.150051565240198e-05,6.326707238467403e-08,0.006916814315196,0.0,0.0,0.0,0.0,0.0,0.0,0.0,0.0,0.0,0.0,0.0,0.0,0.0,0.0,0.0,0.0,0.0,0.0,0.0,0.0,0.0,0.0,0.0,0.9999993885368772,0.9948062135500793,0.999999840503334,0.0324131203047206
0.48,0.7901,0.0016534674824619,0.0236231385585907,9.599001032284014e-05,1.9226131923141808e-10,0.0072515817377029,3.659643843467913e-10,1.6012457463582947e-10,3.780714683128678e-11,6.913259722795042e-11,1.4057782266743758e-10,1.8036394416712439e-10,5.044796205087354e-11,1.7233582042349395e-10,1.5604967037123995e-10,5.941138079006321e-10,6.655811979687816e-10,4.905689017363687e-10,1.8356958228922127e-10,1.6490732883288938e-10,3.718838071143993e-10,4.391243809544127e-10,2.1968343270016318e-10,4.381667437760182e-10,5.786239618395319e-11,7.668316673922062e-10,8.934348803507429e-11,1.2769266417990228e-10,9.055348215078464e-09,0.9691069762326512,0.9932570937309084,0.996542424056636,0.0342151566160242
0.5,0.7981,2.203963175516346e-07,4.066054526734308e-06,2.281642421241841e-09,1.5852942672266634e-07,4.806940437385007e-09,1.882637831388656e-09,1.0775717473171568e-07,1.9699640633306453e-18,1.9933660011622928e-10,4.765124241223777e-08,5.4886397805753195e-11,6.346073502251446e-11,2.0945784923206936e-11,2.2177062509407007e-10,1.4579465800594992e-05,2.5611187361213863e-11,3.9907655257647054e-05,1.0623517507389368e-07,6.043178237385715e-11,1.7560380526161699e-09,0.042763705678687,1.4746554027100282e-07,2.4484448957515016e-10,2.2010686971064526e-10,1.1147003822442986e-05,2.4663705788249536e-10,3.6626920516753834e-10,0.9680962519665244,0.000219625740535,0.9999999961840338,0.9556154538072812,0.032071941904485
0.52,0.8062,1.54254201e-06,5.05512093e-06,1.72808885e-06,5.6069207e-07,2.15634435e-06,2.27271617e-07,1.09891085e-06,3.61917724e-19,1.43598576e-07,4.54742821e-09,3.36617764e-07,3.73763821e-08,1.37124822e-08,3.78381656e-10,7.79669555e-06,1.00850586e-08,1.85740379e-05,2.86565699e-07,4.62632722e-10,2.85589587e-08,0.0453669838,9.5970175e-07,8.9125645e-11,3.40072592e-10,4.02043425e-06,1.56746357e-10,2.28625519e-08,0.98687829,4.06104366e-05,0.999818164,0.95676515,0.0306926662
0.54,0.8142,5.42549613e-07,8.20911609e-06,3.2233713e-06,6.5795248e-07,1.1140497e-06,5.7361871e-07,1.93391579e-07,2.66868095e-13,8.45402252e-11,5.13877244e-08,3.40148524e-07,1.78413666e-10,1.24287145e-13,1.27133502e-08,4.21973508e-05,7.54216556e-09,0.000196663106,1.94416312e-07,2.76423232e-10,9.52665363e-08,0.0476487148,2.76841257e-07,9.52111522e-08,1.83284977e-09,6.55790093e-05,3.82676412e-10,2.45015569e-10,0.999865876,5.84616332e-05,0.999987986,0.947399018,0.0302238682
0.56,0.8226,2.8014935468987786e-07,2.817560050860378e-07,4.133706258667094e-07,9.772398304744912e-09,1.109371655202075e-06,6.161535977556018e-11,5.518480514369656e-09,1.279803987614358e-13,3.4943865378204266e-08,8.160257819627819e-07,1.5251860262373002e-07,1.1530278686466983e-10,2.9719253613654074e-11,7.782474040746668e-11,0.0002148973952385,2.1503325643292663e-10,0.0007988197611887,2.0234845638048403e-06,1.7258618473728812e-10,3.044584588689206e-07,0.0497510851257984,1.7482380750480193e-05,1.0429694515750868e-07,1.2875660991259518e-10,0.0004070041247242,9.277771059305251e-11,1.699891040479878e-10,0.997854539993155,6.912015154698871e-06,0.9998546047908884,0.968613123050052,0.0306378097362996
0.58,0.8308,2.658587874931465e-07,3.3293302825872397e-10,4.5918361193579923e-07,7.831018273309713e-08,2.8496453180602875e-10,5.8532651417114304e-08,3.615482431131817e-07,1.3978574889147708e-20,8.88205689168537e-12,4.669293564548833e-10,1.0981349628043169e-07,3.717874922043795e-11,3.408695955931019e-11,9.064211978849664e-12,0.0003359761343998,1.3961901823089836e-10,0.0017046072848461,5.307759483090864e-07,3.8398959882167765e-11,2.1409140321183803e-07,0.0510122131544208,2.8686453951739083e-05,2.391806071594314e-07,2.8900166876983132e-11,0.0005871614321516,3.1691260900797496e-11,9.050288315856492e-11,0.99999773838932,2.262554452460961e-06,0.999999998812392,0.994085489137401,0.0320484091140667
0.6,0.8392,1.2220016270010937e-07,4.67031289640845e-07,2.3914655059427744e-08,1.4580986594865558e-11,2.036679378257176e-07,1.7558116208029899e-10,2.404917272119255e-11,2.542636667101797e-11,8.436625505076233e-09,1.8168925929285507e-06,3.729334764763633e-07,5.67578838894768e-10,4.7243797148317327e-11,2.647913501464093e-10,0.0004914172084012,1.4923040248546434e-10,0.0026074317130823,5.301652038503455e-06,2.6378959863696853e-10,1.1197782071650397e-07,0.0526898641058429,1.7263535803811846e-06,7.360381226542771e-12,5.104145217196314e-10,0.0009253702969417,3.2942468386871524e-10,7.793742323085743e-10,0.9999768543430084,9.832380133108276e-06,0.9999997355501612,0.8276373166710842,0.0342125567513882
0.62,0.8477,6.000373413090406e-07,1.911416660505037e-07,1.649472829981674e-07,2.9613294255957723e-08,4.025748995880723e-07,1.2665038016429746e-08,9.219241995633248e-08,9.306919525567812e-19,9.667014296583376e-11,1.7399405668957693e-08,3.2273739917358024e-08,7.64794269198776e-10,9.24208448815071e-10,1.2002158913562543e-10,0.0005877961858169,5.881699665033451e-10,0.0035289543575157,2.1348824558330976e-06,3.5915508448541007e-10,7.319819170802268e-07,0.0548723486465606,7.369951833953716e-05,7.401442876618104e-07,6.076953427182705e-10,0.0012122136286649,6.159670312348357e-10,4.0324146641527884e-10,0.999956824379256,7.93981665250579e-06,0.9999920282646634,0.9990602900931006,0.0371507034951511
0.64,0.8561,1.0515105836950237e-07,1.0254187994587097e-06,8.25305011393562e-08,4.676125761708222e-14,4.711697266564001e-07,3.6394874699526046e-14,1.2497936817972117e-12,5.382348410872164e-11,4.3880920056636784e-10,1.965506571339213e-07,3.7903090839286265e-07,6.912976313366145e-11,2.1476377015240163e-10,1.0758755693170804e-10,0.0007210114273034,2.7499427985505312e-08,0.0045659512841712,5.519222555775573e-06,8.090561718694078e-11,5.6943929233515e-07,0.0566447493250518,9.94329285268195e-05,6.916974958772421e-07,2.7951759150792368e-11,0.0015119515571697,1.1516511545638118e-13,2.4011755789481684e-10,0.9999687604125914,2.8226716137768275e-05,0.9999993912923156,0.9786356135963268,0.0409089189484976
0.66,0.8643,9.387785269784335e-11,7.71704504153055e-10,1.0880392688336994e-10,2.550612884957865e-10,1.7752754415666375e-09,1.166543408966834e-08,3.829485009474695e-11,4.060535765248108e-12,2.8069511039045373e-11,9.47915535908773e-10,5.992975701194253e-07,5.8107202099389706e-11,2.9424202262066096e-10,1.0496927257555488e-11,0.0011002676856879,4.458224993047532e-09,0.0072779066807302,1.2543544384368562e-05,1.130381091072649e-09,6.3988514352589125e-06,0.0565443821787776,0.0001369944814034,2.2324931691367216e-06,7.895142251115226e-11,0.0023946272824272,4.403012924901349e-11,9.379840856162922e-11,0.9657692565003716,4.575864150958748e-08,0.993733400566516,0.6793862364728834,0.0449053935889167
0.68,0.8717,7.613963342631226e-08,1.4354846191497781e-07,7.547577563137805e-08,1.3405749806865704e-08,2.865407399061571e-07,2.190437029909169e-09,3.223816756826485e-09,2.652621268939855e-17,4.598097078221432e-09,3.5279828041942565e-11,2.518490563088051e-07,7.997984878361292e-10,8.985917900289892e-11,3.517033960190328e-13,0.0016727936485281,4.517810326140815e-07,0.0110125406283661,3.85802189897738e-05,8.997764250704855e-11,1.764972738291204e-05,0.0556814134519859,0.0002785474075829,5.39573896800485e-06,2.2861593021792962e-12,0.0035939056032498,8.304122863600383e-13,1.207656360941064e-12,0.9126137048774524,5.1883628887172745e-06,0.9833715027690666,0.975276111911478,0.0488295278775672
0.7,0.878,1.9122560270496283e-08,2.4964115570633323e-08,2.0167217739300474e-09,3.988648760151044e-09,1.2824232701626556e-08,8.25603365334473e-14,3.4602334798542856e-11,3.239509252579701e-16,2.033404483305178e-09,6.572122742920104e-08,5.7840823981677465e-08,7.401970235151347e-11,3.903671100170573e-12,1.6816323619320148e-11,0.0023311707135768,1.189917714320232e-06,0.0151965257499569,7.78173429682935e-05,2.4344932027950653e-13,3.7079997529798233e-05,0.0544538582617402,0.0003971537315781,1.3028451941909086e-05,7.642013475013909e-12,0.0048456190243459,3.99478312880769e-09,9.170887955134503e-12,0.8574722615588055,1.8297938872235667e-06,0.9718907201218876,0.9393721386518372,0.0527595633988322
0.72,0.8829,1.6916580400344918e-08,5.3627437380447904e-08,2.0880104207863883e-08,7.193944646655594e-10,3.579003417264082e-08,7.014174379018617e-11,1.2514594198577862e-09,1.0113715333455689e-11,4.712762527258167e-12,7.588763923673026e-08,6.216433646123002e-08,2.502064943240574e-11,7.2477412727945086e-12,7.455589564992606e-11,0.002985504214457,8.218031845630522e-07,0.0192959898879483,0.0001435212943346,3.604129608456827e-10,5.6546727560994094e-05,0.0533046993314079,0.0003994202367322,1.6558492550862757e-05,1.6593620817587135e-10,0.0060597723534371,1.2315031516034027e-09,2.3759264555067326e-10,0.8093445645269038,8.881145096408498e-07,0.9617146048851156,0.9661353474191088,0.0568837873018123
0.74,0.8865,3.3672633755491725e-07,7.39745347103319e-07,0.0,1.074644311263603e-09,5.226869409183198e-07,3.3584021206078867e-10,7.414137633657991e-09,5.195833844308396e-11,0.0,1.6341089918596826e-07,1.618706878152525e-07,0.0,4.805599036944315e-10,2.2458873569537563e-10,0.0036339392428691,1.8591564856838336e-06,0.0232311440520296,0.0002422131743321,1.6196408501625718e-10,8.664119788286324e-05,0.0524029931002445,0.0004356367874379,2.2684066943713297e-05,0.0,0.0071779773863505,0.0,4.7211690948400745e-12,0.7649167558416979,9.64870591386064e-06,0.9521827435003816,0.9494844902991644,0.0611308285479805
0.76,0.8886,6.480312922527192e-07,2.298396770261172e-06,5.799777098847308e-07,1.671696735990006e-08,6.282267621914581e-07,7.262153703416476e-09,4.889408557399899e-07,1.0000294649653668e-08,5.350822615602875e-09,2.01478033227618e-07,8.22416430990293e-08,9.931841278692461e-09,9.069123213085071e-07,2.2319131071624662e-10,0.0044682664731374,2.639435529494147e-06,0.0273152608490282,0.0003915695489532,2.6168833279631252e-08,0.0001055863999393,0.0512893825248872,0.0003584249210615,2.2729629920416463e-05,3.719371683943648e-08,0.008411616239835,4.250401200819375e-08,9.981983962327533e-09,0.7213882000681581,2.1983754822793763e-05,0.9436795768100624,0.9572868679371684,0.065678664245861
0.78,0.8891,1.4365767149630934e-06,9.838072360082071e-07,2.8190934624818567e-11,1.2100874624336615e-06,1.5601658191451716e-10,2.45446131450294e-12,4.2186409065004925e-11,2.812210240447297e-10,4.095754354214063e-09,1.187535808648538e-07,4.480203369610989e-07,6.158918674867719e-09,1.885047894157916e-08,5.846034832498051e-09,0.0048761129460085,6.778874670423735e-06,0.0304388440203501,0.0005729326378893,2.297872016477096e-09,0.0001793882444403,0.0510070667132108,0.0004902900754668,3.492869231117542e-05,8.115774172811454e-09,0.0091983067359994,2.4573793053918963e-08,9.25140645651443e-09,0.6866073127105571,7.713757474998804e-06,0.9357696658058988,0.9550837972780116,0.0701710226607121
0.8,0.888,1.661121513524048e-06,4.702636050071254e-06,1.258240995217235e-07,8.842128277478218e-09,2.6845873956145205e-06,1.871267384410298e-09,4.236733018461694e-09,2.3596424035059444e-12,8.365479976108444e-10,9.685463592837544e-08,1.0050087389740805e-07,1.1111820160942108e-10,1.1895429591003054e-08,2.5669853049744717e-09,0.005388110312121,1.0111180913680834e-05,0.0334207686644618,0.0008126998540657,4.2834726562938936e-10,0.0002696583955751,0.0505853273970481,0.0005678468055263,4.541145954057203e-05,1.9382646932917176e-09,0.0100194052604602,6.84169922768097e-10,2.773750652926011e-10,0.652953778972499,9.756344825821568e-05,0.9294109247715024,0.9323281011483278,0.0751427194636841
0.82,0.8852,1.3685622497505706e-14,1.1840554684876384e-11,2.2837496846174626e-15,4.415498215144231e-12,2.022644253656776e-14,1.1270456465779733e-15,3.005842679907949e-16,2.202780190462205e-12,1.9590978018877185e-11,2.6477049979431574e-08,3.727590208249092e-08,2.4095767859312568e-11,9.12665599234276e-12,3.1461321591977945e-11,0.005829258009497,1.6902907384990982e-05,0.0360732198346959,0.0011147565848345,8.041888100785087e-16,0.0003970127339124,0.0502023699391987,0.0006692809738409,5.953670232892301e-05,2.6503332248533745e-15,0.0107584351124417,2.3686219444144684e-11,2.856121584275873e-15,0.6211040221508308,9.899573876255303e-11,0.9238691848392228,0.9265664778900666,0.080426545774454
0.84,0.8805,1.8972870388815205e-07,1.579255333945002e-07,1.2205557501301049e-08,6.597305457594994e-09,4.7901663051764575e-08,2.4086500053163512e-11,3.503942413802101e-09,4.595126871402364e-12,1.0877024843259294e-11,5.34985760760754e-08,2.1590906140240788e-08,2.6285965432674828e-11,5.4035084601640866e-12,1.80313480216886e-11,0.0061582887707965,2.8178089778387094e-05,0.0382958625675886,0.0014797686114641,2.080415891521031e-08,0.0005950506752059,0.049805080480335,0.0008259656735326,8.037835846870282e-05,5.6479939953197125e-11,0.0113680872362816,5.2960497047147447e-11,6.101506200548423e-11,0.5906297342855498,5.413541562718844e-06,0.9194568531251848,0.92505942429569,0.0861806629757114
0.86,0.872,0.0064198679272005,0.0118333642544781,0.0006274320662997,2.022760498062584e-05,0.0107615862878722,2.897268576214064e-08,4.2110189711784654e-05,9.831337254029732e-11,7.072524870189776e-11,0.0007613507894067,6.136675868411173e-05,5.868952850696662e-11,3.013565674648631e-09,4.624997416194812e-11,0.0025675530879278,0.0001229822802786,0.0021090784974525,0.0014262724800178,4.483584927807672e-06,0.0005657053936057,0.0999695431229827,0.0509965980439141,0.0004971170523931,6.284458633145645e-11,0.0002808796571493,0.000175077930016,1.5522038062282142e-10,0.4974212516317216,0.2687784718186035,0.9999992512641588,0.91360379962606,0.0980483111122461
0.88,0.8586,0.0071310027473498,0.0111574133525073,0.0006880361704349,2.955072255438616e-05,0.0114219264603249,5.733760115752013e-08,6.049859598173987e-05,3.8350316961640964e-13,9.329448335606297e-13,0.0011374486478586,7.397295978592652e-05,0.0,1.819875848676705e-12,4.435081646677592e-13,0.0025429738894044,0.0001544783351004,0.0019053825271073,0.0021455149141223,6.370686913417524e-06,0.0005338790396352,0.1,0.051686556671743,0.00048649788851,4.30131590989769e-13,0.0002203686394807,0.0002643004689674,0.0,0.4791798380133375,0.2642426258936636,0.9999999999999946,0.911988286304624,0.1024611334203647
0.9,0.8385,0.0030705329367674,0.0034650159289678,0.000319459533138,0.0001886582249756,0.005577197541107,8.139776975010309e-06,0.0002440383283708,6.898253218205221e-11,1.444387023041159e-05,0.0024385548182649,0.0001552164174247,7.2171159908110625e-06,2.426613859854577e-09,8.690853047059372e-12,0.0036385708721976,0.0002688645732166,0.002101087547566,0.0046906928809123,5.818941809253473e-10,0.0005450932433173,0.1831346660344277,0.0947893882016832,0.0009182506195259,1.4614642883960968e-11,0.0004603649302692,0.001119665130493,7.75466832882456e-11,0.840164107454807,0.0885549810512896,0.9999999975593072,0.9272558619484051,0.1099914112209657
0.92,0.8131,0.000823116721503,0.0006080621422463,6.579299555982521e-05,9.073582534440068e-05,0.0013833887209706,7.758443256837052e-06,0.000103888789428,5.2526251187878374e-08,5.520826926401824e-08,0.0043842242409562,0.0002337236260814,1.645803790600545e-07,7.0952008600856e-08,1.5364440033495947e-08,0.0040253845280849,0.0003381144990347,0.0017858271050759,0.0084698273707488,8.297640494892246e-06,0.0004534209428217,0.2178515322424294,0.1143712644131741,0.0010772543959181,1.4477012246039561e-08,0.0004843516880888,0.0027860947579769,4.75853712830314e-10,0.9661573398333622,0.0201860705019414,0.9999999999704938,0.9477040887971596,0.1145112985208725
0.94,0.7802,3.9651579523519394e-07,1.814295444594832e-07,3.045730941837711e-08,1.0774981598442534e-08,2.2174060392162485e-07,1.0220055166849674e-08,3.2852069753440764e-08,7.400548738811302e-08,6.222436275603932e-09,0.0057467266498935,0.000209510275254,2.3443805348544578e-07,8.224994129937522e-09,4.3491298002433216e-09,0.0033197750282124,0.0003272036637835,0.0011348976192647,0.0111912851732995,6.8956683910734455e-06,0.0002928128023282,0.2323552769026502,0.1229640795772598,0.0008419818064878,4.72961763804886e-10,0.0002929331929,0.0037211078411664,3.0233542376219416e-10,0.9999851951891376,3.7875938438956494e-06,0.999999985312145,0.9392236037232744,0.1155947668109049
0.96,0.7392,4.3506705550144963e-08,1.7566994553206528e-08,1.2571744521068277e-08,5.577843941575413e-09,5.338165095988697e-08,4.5532113627068407e-10,8.41568282128726e-09,1.9311708294665852e-08,1.9036849925523244e-08,0.006109326587045,0.0001320219254976,9.979259691498777e-08,3.2468283321799074e-09,1.3344341099232844e-13,0.0021242834341129,0.000233353701638,0.0005382048286768,0.0119931273488219,3.419365816141798e-06,0.0001446076939125,0.2386883270737148,0.1261980928918104,0.0004940928332738,4.078827335432247e-13,0.0001157888428036,0.0036850429752939,8.726207925358102e-10,0.9999975750587629,7.323467530795819e-07,0.9999999999999972,0.9204807372324324,0.1147984802569254
0.98,0.6867,6.697513591234869e-08,3.329090955763437e-20,1.796996261776403e-08,6.6946734684918e-08,2.253821604451985e-07,8.040678202219672e-09,1.811457864736178e-09,4.226857790379228e-08,3.5822439965162803e-09,0.0056562713611459,5.4897636823546986e-05,1.0401441143652349e-21,5.97553913904461e-08,0.0,0.0009564671970514,0.0001088169659949,0.000148387171632,0.0112049193456064,7.575024742966761e-07,3.955923649849407e-05,0.2445964348383406,0.1283257225080957,0.0001972486210965,3.684903336335092e-22,2.523576968028341e-05,0.0031974270189649,2.6768908000179723e-08,0.9999931676753612,1.2085660846893107e-06,0.999999926823054,0.9656074616338248,0.112317325428247
